{
  "schemaVersion": 2,
  "mediaType": "application/vnd.docker.distribution.manifest.v2+json",
  "config": {
    "mediaType": "application/vnd.docker.container.image.v1+json",
    "size": 100,
    "digest": "sha256:abc123"
  },
  "layers": [
        {
      "mediaType": "application/vnd.docker.image.rootfs.diff.tar.gzip",
      "size": 200,
      "digest": "sha256:5e19a356ded712b6de837f6b25927003"
    }
,
    {
      "mediaType": "application/vnd.docker.image.rootfs.diff.tar.gzip",
      "size": 200,
      "digest": "sha256:6bf8417d7581806e1c84e07ae2024ea2"
    }
,
    {
      "mediaType": "application/vnd.docker.image.rootfs.diff.tar.gzip",
      "size": 200,
      "digest": "sha256:ebd1878fa566f3a1daa2a57c526cf222"
    }
,
    {
      "mediaType": "application/vnd.docker.image.rootfs.diff.tar.gzip",
      "size": 200,
      "digest": "sha256:76d23bcc69a1187439fb03425158db9d"
    }
,
    {
      "mediaType": "application/vnd.docker.image.rootfs.diff.tar.gzip",
      "size": 200,
      "digest": "sha256:65f2395710a16d4c6a9d6db9fbbd5b45"
    }
,
    {
      "mediaType": "application/vnd.docker.image.rootfs.diff.tar.gzip",
      "size": 200,
      "digest": "sha256:b4c2f1e28971934ece9b2263673cce2a"
    }
,
    {
      "mediaType": "application/vnd.docker.image.rootfs.diff.tar.gzip",
      "size": 200,
      "digest": "sha256:b5a5fea7c3cc6debe4064ff621f675db"
    }
,
    {
      "mediaType": "application/vnd.docker.image.rootfs.diff.tar.gzip",
      "size": 200,
      "digest": "sha256:e71e5bd4fd41d4b15f3fd739dfe31fc2"
    }
,
    {
      "mediaType": "application/vnd.docker.image.rootfs.diff.tar.gzip",
      "size": 200,
      "digest": "sha256:7a43cb15db3f442f2c8badbacddd0e1e"
    }
,
    {
      "mediaType": "application/vnd.docker.image.rootfs.diff.tar.gzip",
      "size": 200,
      "digest": "sha256:7b2de69fbfe16d816f35edbee77216dd"
    }
,
    {
      "mediaType": "application/vnd.docker.image.rootfs.diff.tar.gzip",
      "size": 200,
      "digest": "sha256:41eeda428cf5c5cde3ac5c85c0df9a49"
    }
,
    {
      "mediaType": "application/vnd.docker.image.rootfs.diff.tar.gzip",
      "size": 200,
      "digest": "sha256:a0248286026e8cd1fd73deb329f3c5fe"
    }
,
    {
      "mediaType": "application/vnd.docker.image.rootfs.diff.tar.gzip",
      "size": 200,
      "digest": "sha256:c0ebbc9d5e7cd4497583f0295c90099c"
    }
,
    {
      "mediaType": "application/vnd.docker.image.rootfs.diff.tar.gzip",
      "size": 200,
      "digest": "sha256:fd3c2d2c825d5b98ea4f962daead95ca"
    }
,
    {
      "mediaType": "application/vnd.docker.image.rootfs.diff.tar.gzip",
      "size": 200,
      "digest": "sha256:79e25fcca61fa013a861e90eed63caba"
    }
,
    {
      "mediaType": "application/vnd.docker.image.rootfs.diff.tar.gzip",
      "size": 200,
      "digest": "sha256:ea72db8332ec85211922476e33a870d1"
    }
,
    {
      "mediaType": "application/vnd.docker.image.rootfs.diff.tar.gzip",
      "size": 200,
      "digest": "sha256:5ea677ddb7e18f6199f5fd88473e645e"
    }
,
    {
      "mediaType": "application/vnd.docker.image.rootfs.diff.tar.gzip",
      "size": 200,
      "digest": "sha256:a9ad5fb37dbb66e7bf50e1a5423dabcf"
    }
,
    {
      "mediaType": "application/vnd.docker.image.rootfs.diff.tar.gzip",
      "size": 200,
      "digest": "sha256:6d88903f9c05a3a55c28abfdce5d1691"
    }
,
    {
      "mediaType": "application/vnd.docker.image.rootfs.diff.tar.gzip",
      "size": 200,
      "digest": "sha256:b47876c8a9ea016f22bd5a512ce9631a"
    }
,
    {
      "mediaType": "application/vnd.docker.image.rootfs.diff.tar.gzip",
      "size": 200,
      "digest": "sha256:2cda2d7c2559a958ab7534a59d6d8870"
    }
,
    {
      "mediaType": "application/vnd.docker.image.rootfs.diff.tar.gzip",
      "size": 200,
      "digest": "sha256:fc94f42986c49946ac3373a2aa408014"
    }
,
    {
      "mediaType": "application/vnd.docker.image.rootfs.diff.tar.gzip",
      "size": 200,
      "digest": "sha256:c76c16a989709865b7c5edd82f2114ea"
    }
,
    {
      "mediaType": "application/vnd.docker.image.rootfs.diff.tar.gzip",
      "size": 200,
      "digest": "sha256:6102ef8cb6d1375730def534f8d9bc90"
    }
,
    {
      "mediaType": "application/vnd.docker.image.rootfs.diff.tar.gzip",
      "size": 200,
      "digest": "sha256:ee6df72afab699e30912b16d632f3128"
    }
,
    {
      "mediaType": "application/vnd.docker.image.rootfs.diff.tar.gzip",
      "size": 200,
      "digest": "sha256:c7e30a7a5b659d0186f096c794d62b91"
    }
,
    {
      "mediaType": "application/vnd.docker.image.rootfs.diff.tar.gzip",
      "size": 200,
      "digest": "sha256:66d3b4987f4864c88d22bee9fc93cabc"
    }
,
    {
      "mediaType": "application/vnd.docker.image.rootfs.diff.tar.gzip",
      "size": 200,
      "digest": "sha256:57b79972c35c3db0d3ee7f719bd2bc2c"
    }
,
    {
      "mediaType": "application/vnd.docker.image.rootfs.diff.tar.gzip",
      "size": 200,
      "digest": "sha256:7c6e1b2ded4b4df5a0e506db4555420e"
    }
,
    {
      "mediaType": "application/vnd.docker.image.rootfs.diff.tar.gzip",
      "size": 200,
      "digest": "sha256:1dfcebd7f5e9ca36c9ebf2758011498c"
    }
,
    {
      "mediaType": "application/vnd.docker.image.rootfs.diff.tar.gzip",
      "size": 200,
      "digest": "sha256:6aae265e8045dce96a87755fae92b695"
    }
,
    {
      "mediaType": "application/vnd.docker.image.rootfs.diff.tar.gzip",
      "size": 200,
      "digest": "sha256:0876ceb86fec837b45c87f360554947d"
    }
,
    {
      "mediaType": "application/vnd.docker.image.rootfs.diff.tar.gzip",
      "size": 200,
      "digest": "sha256:a93ed53938036532a79bf7092f16e1f8"
    }
,
    {
      "mediaType": "application/vnd.docker.image.rootfs.diff.tar.gzip",
      "size": 200,
      "digest": "sha256:842781bec17fe6324d5ac2e2ec93b888"
    }
,
    {
      "mediaType": "application/vnd.docker.image.rootfs.diff.tar.gzip",
      "size": 200,
      "digest": "sha256:86a948121cafbd56b884578d245238e4"
    }
,
    {
      "mediaType": "application/vnd.docker.image.rootfs.diff.tar.gzip",
      "size": 200,
      "digest": "sha256:c91112f3d4527c27675e7f7aaa351d8c"
    }
,
    {
      "mediaType": "application/vnd.docker.image.rootfs.diff.tar.gzip",
      "size": 200,
      "digest": "sha256:1add27dad3751eacac1b98f6ba9db07d"
    }
,
    {
      "mediaType": "application/vnd.docker.image.rootfs.diff.tar.gzip",
      "size": 200,
      "digest": "sha256:bfc1455d0c1e5d65b3e6376ff1ea5fa2"
    }
,
    {
      "mediaType": "application/vnd.docker.image.rootfs.diff.tar.gzip",
      "size": 200,
      "digest": "sha256:1a0c8c10281e37952a18bb63d4e2352e"
    }
,
    {
      "mediaType": "application/vnd.docker.image.rootfs.diff.tar.gzip",
      "size": 200,
      "digest": "sha256:31e8b8f634423d3b48f3a74649c78404"
    }
,
    {
      "mediaType": "application/vnd.docker.image.rootfs.diff.tar.gzip",
      "size": 200,
      "digest": "sha256:40b782ad422a101f4153d83f2ed37a1d"
    }
,
    {
      "mediaType": "application/vnd.docker.image.rootfs.diff.tar.gzip",
      "size": 200,
      "digest": "sha256:88a975802f3fce380a18e2a86a62cfdf"
    }
,
    {
      "mediaType": "application/vnd.docker.image.rootfs.diff.tar.gzip",
      "size": 200,
      "digest": "sha256:c0b6dc3d371404aff606b881d0fdd8ae"
    }
,
    {
      "mediaType": "application/vnd.docker.image.rootfs.diff.tar.gzip",
      "size": 200,
      "digest": "sha256:61cf1f3a4eaad873c30c54d16ae0aa8e"
    }
,
    {
      "mediaType": "application/vnd.docker.image.rootfs.diff.tar.gzip",
      "size": 200,
      "digest": "sha256:b93877fb065b8d66287a819b6700f6e4"
    }
,
    {
      "mediaType": "application/vnd.docker.image.rootfs.diff.tar.gzip",
      "size": 200,
      "digest": "sha256:c2dfc5e05ebbdbdefc34b73f91d34567"
    }
,
    {
      "mediaType": "application/vnd.docker.image.rootfs.diff.tar.gzip",
      "size": 200,
      "digest": "sha256:feeeecaf6198dd0fd36335ace1335b01"
    }
,
    {
      "mediaType": "application/vnd.docker.image.rootfs.diff.tar.gzip",
      "size": 200,
      "digest": "sha256:8f79354ff4f521293836fe7700ef210e"
    }
,
    {
      "mediaType": "application/vnd.docker.image.rootfs.diff.tar.gzip",
      "size": 200,
      "digest": "sha256:7f994cc5dc5e12ae2aea171db6d7fdea"
    }
,
    {
      "mediaType": "application/vnd.docker.image.rootfs.diff.tar.gzip",
      "size": 200,
      "digest": "sha256:91518cdc8757eba76703e915f75841a6"
    }
  ]
}
