<?xml version="1.0"?>
<?xml-stylesheet href="chrome://global/skin/" type="text/css"?> 
<!DOCTYPE window>

<window
   id         = "xulnote-main-window"
   xmlns      = "http://www.mozilla.org/keymaster/gatekeeper/there.is.only.xul"
   xmlns:html = "http://www.w3.org/1999/xhtml" 
   onload     = "init();"
>
  <scrollbox>
   <vbox style="background-color:white;">
      <text value="hahaha  0"/>
      <text value="hahaha  1"/>
      <text value="hahaha  2"/>
      <text value="hahaha  3"/>
      <text value="hahaha  4"/>
      <text value="hahaha  5"/>
      <text value="hahaha  6"/>
      <text value="hahaha  7"/>
      <text value="hahaha  8"/>
      <text value="hahaha  9"/>
      <text value="hahaha 10"/>
      <text value="hahaha 11"/>
      <text value="hahaha 12"/>
      <text value="hahaha 13"/>
      <text value="hahaha 14"/>
      <text value="hahaha 15"/>
      <text value="hahaha 16"/>
      <text value="hahaha 17"/>
      <text value="hahaha 18"/>
      <text value="hahaha 19"/>
   </vbox>
<scrollbar
    id="identifier"
    align="horizontal"
    curpos="20"
    maxpos="100"
    increment="1"
    pageincrement="10"/>

  </scrollbox>

 <script type="application/x-javascript">
  <![CDATA[
   function init()
   {
   }
 ]]>
 </script>

</window>
