<?xml version="1.0" encoding="ISO-8859-1" standalone="no"?>
<!DOCTYPE xhtml PUBLIC "-//W3C//DTD XHTML 1.1 plus MathML 2.0 plus SVG 1.1//EN" "http://www.w3.org/2002/04/xhtml-math-svg/xhtml-math-svg.dtd" [ 
]>

<html xmlns="http://www.w3.org/1999/xhtml" xmlns:svg="http://www.w3.org/2000/svg" xmlns:xul="http://www.mozilla.org/keymaster/gatekeeper/there.is.only.xul" xmlns:xlink="http://www.w3.org/1999/xlink">
  <head>
  <title>bug 313737</title>
  </head>
  <body>

     <svg:svg style="position:fixed;">
        <input type="text" style="position:absolute;"  />
     </svg:svg>

  </body>
</html>
