<html xmlns="http://www.w3.org/1999/xhtml" xmlns:m="http://www.w3.org/1998/Math/MathML">
<body>
<p><m:math>
  <m:mstyle><m:mi style="font-size:24px;">Id</m:mi></m:mstyle>
</m:math></p>

<p><m:math>
  <m:mstyle><m:mi style="font-size:30px;">Id</m:mi></m:mstyle>
  <m:mstyle><m:mi style="font-size:30px;">Id</m:mi></m:mstyle>
  <m:mstyle><m:mi style="font-size:30px;">Id</m:mi></m:mstyle>
  <m:mstyle><m:mi style="font-size:30px;">Id</m:mi></m:mstyle>
</m:math></p>

<p><m:math>
  <m:mstyle><m:mi style="font-size:small;">Id</m:mi></m:mstyle>
  <m:mstyle><m:mi style="font-size:medium;">Id</m:mi></m:mstyle>
  <m:mstyle><m:mi style="font-size:large;">Id</m:mi></m:mstyle>
  <m:mstyle><m:mi style="font-size:48px;">Id</m:mi></m:mstyle>
  <m:mstyle><m:mi style="font-size:48px;">Id</m:mi></m:mstyle>
  <m:mstyle><m:mi style="font-size:48px;">Id</m:mi></m:mstyle>
</m:math></p>

<p><m:math>
  <m:mstyle><m:mi style="font-family:Verdana; font-size:48px;">Id</m:mi></m:mstyle>
  <m:mstyle><m:mi style="font-family:monospace; font-size:48px;">Id</m:mi></m:mstyle>
</m:math></p>

<p><m:math>
  <m:mstyle><m:mi style="font-size:48px; background:green;">Id</m:mi></m:mstyle>
  <m:mstyle><m:mi style="font-size:48px; background:green;">Id</m:mi></m:mstyle>
  <m:mstyle><m:mi style="font-size:48px; background:green;">Id</m:mi></m:mstyle>
  <m:mstyle><m:mi style="font-size:48px; background:green;">Id</m:mi></m:mstyle>
</m:math></p>

<p><m:math>
  <m:mstyle><m:mi style="font-size:48px; background:rgb(0,255,0);">Id</m:mi></m:mstyle>
  <m:mstyle><m:mi style="font-size:48px; background:rgb(0,255,0);">Id</m:mi></m:mstyle>
</m:math></p>

<p><m:math>
  <m:mstyle><m:mi style="font-size:48px; color:green;">Id</m:mi></m:mstyle>
  <m:mstyle><m:mi style="font-size:48px; color:green;">Id</m:mi></m:mstyle>
  <m:mstyle><m:mi style="font-size:48px; color:green;">Id</m:mi></m:mstyle>
  <m:mstyle><m:mi style="font-size:48px; color:green;">Id</m:mi></m:mstyle>
</m:math></p>

<p><m:math>
  <m:mstyle><m:mi style="font-size:48px;">Id</m:mi></m:mstyle>
  <m:mstyle><m:mi style="font-size:48px;">Id</m:mi></m:mstyle>
  <m:mstyle><m:mi style="font-size:48px;">Id</m:mi></m:mstyle>
  <m:mstyle><m:mi style="font-size:48px;">Id</m:mi></m:mstyle>
  <m:mstyle><m:mi style="font-size:48px;">Id</m:mi></m:mstyle>
</m:math></p>

<p><m:math>
  <m:mstyle><m:mi style="font-size:24px;">Id</m:mi></m:mstyle>
  <m:mstyle><m:mi style="font-size:24px;">Id</m:mi></m:mstyle>
  <m:mstyle><m:mi style="font-size:24px;">Id</m:mi></m:mstyle>
  <m:mstyle><m:mi style="font-size:24px;">Id</m:mi></m:mstyle>
  <m:mstyle><m:mi style="font-size:24px;">Id</m:mi></m:mstyle>
  <m:mstyle><m:mi style="font-size:0;">Id</m:mi></m:mstyle>
  <m:mstyle><m:mi style="font-size:0;">Id</m:mi></m:mstyle>
  <m:mstyle><m:mi style="font-size:0;">Id</m:mi></m:mstyle>
</m:math></p>

</body>
</html>
