<ther:window xmlns:ther="http://www.mozilla.org/keymaster/gatekeeper/there.is.only.xul" a="" e=""><HTML><ther:statusbar l="" c=""><ther:menulist d=""><ther:menu t="" i="" l=""><mat:h xmlns:mat="http://www.w3.org/1998/Math/MathML" w=""/></ther:menu><ther:menupopup p=""/><ther:menu a="" t="" l=""><ther:menuseparator u="" x=""><xht:html xmlns:xht="http://www.w3.org/1999/xhtml" x=""><xht:body d=""><xht:abbr d=""><xht:abbr p=""><xht:small s=""><xht:a s=""><xht:var e=""><xht:samp e=""><xht:code p=""><xht:b e=""><xht:b d=""><xht:del t=""><xht:h4 r=""><xht:var l=""><xht:i r=""><xht:em r=""><xht:em n=""><xht:map g=""><xht:isindex d=""/></xht:map></xht:em></xht:em></xht:i></xht:var></xht:h4></xht:del></xht:b></xht:b></xht:code></xht:samp></xht:var></xht:a></xht:small></xht:abbr></xht:abbr></xht:body></xht:html></ther:menuseparator></ther:menu></ther:menulist></ther:statusbar></HTML></ther:window>