<?xml version="1.0" encoding="UTF-8"?>
<!DOCTYPE html
   PUBLIC "-//W3C//DTD XHTML 1.0 Transitional//EN"
   "xhtml1-transitional.dtd">
<html xmlns='http://www.w3.org/1999/xhtml'>
<head>
<title>NIST DOM HTML Test - Anchor</title>
</head>
<body onload="parent.loadComplete()">
<p>
<a id="Anchor" dir="ltr" href="./pix/submit.gif" accesskey="g" type="image/gif" coords="0,0,100,100" shape="rect" rel="GLOSSARY" rev="STYLESHEET" hreflang="en" charset="US-ASCII" tabindex="22" name="Anchor">View Submit Button</a>
</p>
</body>
</html>
