<?xml version="1.0" encoding="UTF-8"?>

<blocklist xmlns="http://www.mozilla.org/2006/addons-blocklist">
  <emItems>
    <emItem id="softblock1@tests.mozilla.org">
      <versionRange severity="1">
        <targetApplication id="xpcshell@tests.mozilla.org">
          <versionRange minVersion="2" maxVersion="2.*"/>
        </targetApplication>
      </versionRange>
    </emItem>
    <emItem id="softblock2@tests.mozilla.org">
      <versionRange severity="1">
        <targetApplication id="xpcshell@tests.mozilla.org">
          <versionRange minVersion="2" maxVersion="2.*"/>
        </targetApplication>
      </versionRange>
    </emItem>
    <emItem id="softblock3@tests.mozilla.org">
      <versionRange severity="1">
        <targetApplication id="xpcshell@tests.mozilla.org">
          <versionRange minVersion="2" maxVersion="2.*"/>
        </targetApplication>
      </versionRange>
    </emItem>
    <emItem id="softblock4@tests.mozilla.org">
      <versionRange severity="1">
        <targetApplication id="xpcshell@tests.mozilla.org">
          <versionRange minVersion="2" maxVersion="2.*"/>
        </targetApplication>
      </versionRange>
    </emItem>
    <emItem id="softblock5@tests.mozilla.org">
      <versionRange severity="1">
        <targetApplication id="xpcshell@tests.mozilla.org">
          <versionRange minVersion="2" maxVersion="2.*"/>
        </targetApplication>
      </versionRange>
    </emItem>
    <emItem id="hardblock@tests.mozilla.org">
      <versionRange>
        <targetApplication id="xpcshell@tests.mozilla.org">
          <versionRange minVersion="2" maxVersion="2.*"/>
        </targetApplication>
      </versionRange>
    </emItem>
    <emItem id="/^RegExp/">
      <versionRange severity="1">
        <targetApplication id="xpcshell@tests.mozilla.org">
          <versionRange minVersion="2" maxVersion="2.*"/>
        </targetApplication>
      </versionRange>
    </emItem>
    <emItem id="/^RegExp/i">
      <versionRange>
        <targetApplication id="xpcshell@tests.mozilla.org">
          <versionRange minVersion="2" maxVersion="2.*"/>
        </targetApplication>
      </versionRange>
    </emItem>
  </emItems>
</blocklist>
