<?xml version="1.0" encoding="utf-8"?>
<!-- This Source Code Form is subject to the terms of the Mozilla Public
   - License, v. 2.0. If a copy of the MPL was not distributed with this
   - file, You can obtain one at http://mozilla.org/MPL/2.0/. -->


<resources>
    <string-array name="pref_home_updates_entries">
        <item>@string/pref_home_updates_enabled</item>
        <item>@string/pref_home_updates_wifi</item>
    </string-array>
    <string-array name="pref_home_updates_values">
        <item>0</item>
        <item>1</item>
    </string-array>
    <string-array name="pref_plugins_entries">
        <item>@string/pref_plugins_enabled</item>
        <item>@string/pref_plugins_tap_to_play</item>
        <item>@string/pref_plugins_disabled</item>
    </string-array>
    <string-array name="pref_plugins_values">
        <item>1</item>
        <item>2</item>
        <item>0</item>
    </string-array>
    <string-array name="pref_font_size_entries">
        <item>@string/pref_font_size_tiny</item>
        <item>@string/pref_font_size_small</item>
        <item>@string/pref_font_size_medium</item>
        <item>@string/pref_font_size_large</item>
        <item>@string/pref_font_size_xlarge</item>
    </string-array>
    <string-array name="pref_font_size_values">
        <item>0</item>
        <item>80</item>
        <item>120</item>
        <item>160</item>
        <item>240</item>
    </string-array>
    <string-array name="pref_char_encoding_entries">
        <item>@string/pref_char_encoding_on</item>
        <item>@string/pref_char_encoding_off</item>
    </string-array>
    <string-array name="pref_char_encoding_values">
        <item>true</item>
        <item>false</item>
    </string-array>
    <string-array name="pref_cookies_entries">
        <item>@string/pref_cookies_accept_all</item>
        <item>@string/pref_cookies_not_accept_foreign</item>
        <item>@string/pref_cookies_disabled</item>
    </string-array>
    <string-array name="pref_cookies_values">
        <item>0</item>
        <item>1</item>
        <item>2</item>
    </string-array>
    <string-array name="pref_import_android_entries">
        <item>@string/bookmarks_title</item>
        <item>@string/history_title</item>
    </string-array>
    <string-array name="pref_import_android_defaults">
        <item>true</item>
        <item>true</item>
    </string-array>
    <string-array name="pref_import_android_values">
        <item>android_import.data.bookmarks</item>
        <item>android_import.data.history</item>
    </string-array>
    <string-array name="pref_import_android_keys">
        <item>android_import.data.bookmarks</item>
        <item>android_import.data.history</item>
    </string-array>
    <string-array name="pref_private_data_entries">
        <item>@string/pref_private_data_history2</item>
        <item>@string/pref_private_data_downloadFiles2</item>
        <item>@string/pref_private_data_formdata</item>
        <item>@string/pref_private_data_cookies2</item>
        <item>@string/pref_private_data_passwords</item>
        <item>@string/pref_private_data_cache</item>
        <item>@string/pref_private_data_offlineApps</item>
        <item>@string/pref_private_data_siteSettings</item>
    </string-array>
    <string-array name="pref_private_data_defaults">
        <item>true</item>
        <item>true</item>
        <item>true</item>
        <item>true</item>
        <item>true</item>
        <item>true</item>
        <item>true</item>
        <item>true</item>
    </string-array>
    <string-array name="pref_private_data_values">
        <item>private.data.history</item>
        <item>private.data.downloadFiles</item>
        <item>private.data.formdata</item>
        <item>private.data.cookies_sessions</item>
        <item>private.data.passwords</item>
        <item>private.data.cache</item>
        <item>private.data.offlineApps</item>
        <item>private.data.siteSettings</item>
    </string-array>
    <string-array name="pref_private_data_keys">
        <item>private.data.history</item>
        <item>private.data.downloadFiles</item>
        <item>private.data.formdata</item>
        <item>private.data.cookies_sessions</item>
        <item>private.data.passwords</item>
        <item>private.data.cache</item>
        <item>private.data.offlineApps</item>
        <item>private.data.siteSettings</item>
    </string-array>
    <string-array name="pref_clear_on_exit_defaults">
        <item>false</item>
        <item>false</item>
        <item>false</item>
        <item>false</item>
        <item>false</item>
        <item>false</item>
        <item>false</item>
        <item>false</item>
    </string-array>
    <string-array name="pref_restore_entries">
        <item>@string/pref_restore_always</item>
        <item>@string/pref_restore_quit</item>
    </string-array>
    <string-array name="pref_restore_values">
        <item>always</item>
        <item>quit</item>
    </string-array>
    <string-array name="pref_update_autodownload_entries">
        <item>@string/pref_update_autodownload_enabled</item>
        <item>@string/pref_update_autodownload_wifi</item>
        <item>@string/pref_update_autodownload_disabled</item>
    </string-array>
    <string-array name="pref_update_autodownload_values">
        <item>enabled</item>
        <item>wifi</item>
        <item>disabled</item>
     </string-array>
    <!-- This value is similar to config_longPressVibePattern in android frameworks/base/core/res/res/values/config.xml-->
    <integer-array name="long_press_vibrate_msec">
        <item>0</item>
        <item>1</item>
        <item>20</item>
        <item>21</item>
    </integer-array>
</resources>
