<?xml version="1.0" encoding="UTF-8" ?>
<!--
 Copyright (c) 2010 International Business Machines Corporation and others. All rights reserved.
-->
<!DOCTYPE ldml SYSTEM "http://www.unicode.org/repos/cldr/trunk/common/dtd/ldml.dtd"
[
   <!ENTITY % icu SYSTEM "http://www.unicode.org/repos/cldr/trunk/common/dtd/ldmlICU.dtd">
   %icu;
]
>
<ldml>
	<identity>
		<version number="$Revision: 1.5 $"/>
		<generation date="$Date: 2008/05/25 01:05:50 $"/>
		<language type="az"/> 
		<script type="Cyrl"/> 
	</identity>
	<characters>
		<special xmlns:icu="http://www.icu-project.org/">
			<icu:scripts>
				<icu:script type="1">Cyrl</icu:script>
			</icu:scripts>
		</special>
	</characters>
</ldml>

