<?xml version="1.0" encoding="UTF-8"?>
<!DOCTYPE html
   PUBLIC "-//W3C//DTD XHTML 1.0 Frameset//EN"
   "xhtml1-frameset.dtd">
<html xmlns='http://www.w3.org/1999/xhtml'>
<head>
<base href="about:blank" target="Frame1"/>
<title>NIST DOM HTML Test - Base2</title>
</head>
<frameset cols="20, 80"  onload="parent.loadComplete()">
<frameset rows="100, 200">
<frame marginheight="10" marginwidth="5" noresize="noresize" name="Frame1" frameborder="1" scrolling="yes" src="right.png" />
</frameset>
<frame src="w3c_main.png" />
</frameset>
</html>
