<?xml version="1.0" encoding="utf-8" ?>
<searchresults total_results="100">
  <addon>
    <name>FAIL</name>
    <type id='1'>Extension</type>
    <guid>addon1@tests.mozilla.org</guid>
    <version>1.0</version>
    <authors>
      <author>
        <name>Test Creator</name>
        <link>http://example.com/creator.html</link>
      </author>
    </authors>
    <status id='4'>Public</status>
    <summary>Addon already installed - SEARCH</summary>
    <description>Test description</description>
    <compatible_applications>
      <application>
        <name>Firefox</name>
        <appID>{ec8030f7-c20a-464f-9b0e-13a3a9e97384}</appID>
        <min_version>0</min_version>
        <max_version>*</max_version>
      </application>
      <application>
        <name>SeaMonkey</name>
        <appID>{92650c4d-4b8e-4d2a-b7eb-24ecf4f6b63a}</appID>
        <min_version>0</min_version>
        <max_version>*</max_version>
      </application>
    </compatible_applications>
    <compatible_os>ALL</compatible_os>
    <install size="1">http://example.com/addon1.xpi</install>
  </addon>
  <addon>
    <name>FAIL</name>
    <type id='9'>lightweight theme</type>
    <guid>addon12345@tests.mozilla.org</guid>
    <version>1.0</version>
    <authors>
      <author>
        <name>Test Creator</name>
        <link>http://example.com/creator.html</link>
      </author>
    </authors>
    <status id='4'>Public</status>
    <summary>Addon with uninstallable type shouldn't be visible in search</summary>
    <description>Test description</description>
    <compatible_applications>
      <application>
        <name>Firefox</name>
        <appID>{ec8030f7-c20a-464f-9b0e-13a3a9e97384}</appID>
        <min_version>0</min_version>
        <max_version>*</max_version>
      </application>
      <application>
        <name>SeaMonkey</name>
        <appID>{92650c4d-4b8e-4d2a-b7eb-24ecf4f6b63a}</appID>
        <min_version>0</min_version>
        <max_version>*</max_version>
      </application>
    </compatible_applications>
    <compatible_os>ALL</compatible_os>
    <install size="1">http://example.com/addon1.xpi</install>
  </addon>
  <addon>
    <name>FAIL</name>
    <type id='1'>Extension</type>
    <guid>install1@tests.mozilla.org</guid>
    <version>1.0</version>
    <authors>
      <author>
        <name>Test Creator</name>
        <link>http://example.com/creator.html</link>
      </author>
    </authors>
    <status id='4'>Public</status>
    <summary>Install already exists - SEARCH</summary>
    <description>Test description</description>
    <compatible_applications>
      <application>
        <name>Firefox</name>
        <appID>{ec8030f7-c20a-464f-9b0e-13a3a9e97384}</appID>
        <min_version>0</min_version>
        <max_version>*</max_version>
      </application>
      <application>
        <name>SeaMonkey</name>
        <appID>{92650c4d-4b8e-4d2a-b7eb-24ecf4f6b63a}</appID>
        <min_version>0</min_version>
        <max_version>*</max_version>
      </application>
    </compatible_applications>
    <compatible_os>ALL</compatible_os>
    <install size="1">http://example.com/install1.xpi</install>
  </addon>
  <addon>
    <name>PASS - b</name>
    <type id='1'>Extension</type>
    <guid>remote1@tests.mozilla.org</guid>
    <version>3.0</version>
    <authors>
      <author>
        <name>Test Creator</name>
        <link>http://example.com/creator.html</link>
      </author>
    </authors>
    <status id='4'>Public</status>
    <summary>Test summary - SEARCH SEARCH</summary>
    <description>Test description</description>
    <compatible_applications>
      <application>
        <name>Firefox</name>
        <appID>{ec8030f7-c20a-464f-9b0e-13a3a9e97384}</appID>
        <min_version>0</min_version>
        <max_version>*</max_version>
      </application>
      <application>
        <name>SeaMonkey</name>
        <appID>{92650c4d-4b8e-4d2a-b7eb-24ecf4f6b63a}</appID>
        <min_version>0</min_version>
        <max_version>*</max_version>
      </application>
    </compatible_applications>
    <compatible_os>ALL</compatible_os>
    <install size="2">http://example.com/browser/toolkit/mozapps/extensions/test/browser/addons/browser_searching.xpi</install>
  </addon>
  <addon>
    <name>PASS - d</name>
    <type id='1'>Extension</type>
    <guid>remote2@tests.mozilla.org</guid>
    <version>4.0</version>
    <authors>
      <author>
        <name>Test Creator</name>
        <link>http://example.com/creator.html</link>
      </author>
    </authors>
    <status id='4'>Public</status>
    <summary>Test summary - SEARCHing SEARCH</summary>
    <description>Test description</description>
    <compatible_applications>
      <application>
        <name>Firefox</name>
        <appID>{ec8030f7-c20a-464f-9b0e-13a3a9e97384}</appID>
        <min_version>0</min_version>
        <max_version>*</max_version>
      </application>
      <application>
        <name>SeaMonkey</name>
        <appID>{92650c4d-4b8e-4d2a-b7eb-24ecf4f6b63a}</appID>
        <min_version>0</min_version>
        <max_version>*</max_version>
      </application>
    </compatible_applications>
    <compatible_os>ALL</compatible_os>
    <install size="5">http://example.com/remote2.xpi</install>
  </addon>
  <addon>
    <name>PASS - e</name>
    <type id='1'>Extension</type>
    <guid>remote3@tests.mozilla.org</guid>
    <version>5.0</version>
    <authors>
      <author>
        <name>Test Creator</name>
        <link>http://example.com/creator.html</link>
      </author>
    </authors>
    <status id='4'>Public</status>
    <summary>Test summary - Does not match query</summary>
    <description>Test description</description>
    <compatible_applications>
      <application>
        <name>Firefox</name>
        <appID>{ec8030f7-c20a-464f-9b0e-13a3a9e97384}</appID>
        <min_version>0</min_version>
        <max_version>*</max_version>
      </application>
      <application>
        <name>SeaMonkey</name>
        <appID>{92650c4d-4b8e-4d2a-b7eb-24ecf4f6b63a}</appID>
        <min_version>0</min_version>
        <max_version>*</max_version>
      </application>
    </compatible_applications>
    <compatible_os>ALL</compatible_os>
    <install size="1">http://example.com/remote3.xpi</install>
  </addon>
  <addon>
    <name>PASS - h</name>
    <type id='1'>Extension</type>
    <guid>remote4@tests.mozilla.org</guid>
    <version>6.0</version>
    <authors>
      <author>
        <name>Test Creator</name>
        <link>http://example.com/creator.html</link>
      </author>
    </authors>
    <status id='4'>Public</status>
    <summary>Test summary - SEARCHing SEARCH SEARCH</summary>
    <description>Test description</description>
    <compatible_applications>
      <application>
        <name>Firefox</name>
        <appID>{ec8030f7-c20a-464f-9b0e-13a3a9e97384}</appID>
        <min_version>0</min_version>
        <max_version>*</max_version>
      </application>
      <application>
        <name>SeaMonkey</name>
        <appID>{92650c4d-4b8e-4d2a-b7eb-24ecf4f6b63a}</appID>
        <min_version>0</min_version>
        <max_version>*</max_version>
      </application>
    </compatible_applications>
    <compatible_os>ALL</compatible_os>
    <install size="4">http://example.com/remote4.xpi</install>
  </addon>
  <addon>
    <name>PASS - i</name>
    <type id='1'>Extension</type>
    <guid>remote5@tests.mozilla.org</guid>
    <version>6.0</version>
    <authors>
      <author>
        <name>Test Creator</name>
        <link>http://example.com/creator.html</link>
      </author>
    </authors>
    <status id='4'>Public</status>
    <summary>Incompatible test</summary>
    <description>Test description</description>
    <compatible_applications>
      <application>
        <name>Firefox</name>
        <appID>{ec8030f7-c20a-464f-9b0e-13a3a9e97384}</appID>
        <min_version>0</min_version>
        <max_version>1</max_version>
      </application>
      <application>
        <name>SeaMonkey</name>
        <appID>{92650c4d-4b8e-4d2a-b7eb-24ecf4f6b63a}</appID>
        <min_version>0</min_version>
        <max_version>1</max_version>
      </application>
    </compatible_applications>
    <compatible_os>ALL</compatible_os>
    <install size="1">http://example.com/addon1.xpi</install>
  </addon>
  <addon>
    <name>FAIL - j</name>
    <type id='1'>Extension</type>
    <guid>remote6@tests.mozilla.org</guid>
    <version>6.0</version>
    <authors>
      <author>
        <name>Test Creator</name>
        <link>http://example.com/creator.html</link>
      </author>
    </authors>
    <status id='4'>Public</status>
    <summary>Incompatible test</summary>
    <description>Test description</description>
    <compatible_applications>
      <application>
        <name>Fake Product</name>
        <appID>fakeproduct@mozilla.org</appID>
        <min_version>0</min_version>
        <max_version>1</max_version>
      </application>
    </compatible_applications>
    <compatible_os>ALL</compatible_os>
    <install size="1">http://example.com/addon1.xpi</install>
  </addon>
</searchresults>

