<?xml version="1.0" encoding="utf-8"?>
<!-- This Source Code Form is subject to the terms of the Mozilla Public
   - License, v. 2.0. If a copy of the MPL was not distributed with this
   - file, You can obtain one at http://mozilla.org/MPL/2.0/. -->

<merge xmlns:android="http://schemas.android.com/apk/res/android">

    <org.mozilla.gecko.toolbar.TabletTabsButton android:id="@+id/tabs"
                                                style="@style/UrlBar.ImageButton"
                                                android:layout_width="84dip"
                                                android:layout_alignParentLeft="true"
                                                android:background="@drawable/shaped_button"
                                                android:gravity="center_vertical"
                                                android:paddingLeft="6dip"
                                                android:paddingRight="38dip"/>

    <!-- The TextSwitcher should be shifted 28dp on the right, to avoid
         the curve. On a 56dp space, centering 24dp image will leave
         16dp on all sides. However this image has a perception of
         2 layers. Hence to center this, an additional 4dp is added to the right.
         The margins will be 12dp on left, 48dp on right, instead of ideal 16dp
         and 44dp. -->
    <org.mozilla.gecko.toolbar.TabCounter android:id="@+id/tabs_counter"
                        style="@style/UrlBar.ImageButton.TabCount"
                        android:layout_width="24dip"
                        android:layout_height="24dip"
                        android:layout_marginLeft="12dip"
                        android:layout_marginRight="48dip"
                        android:layout_marginTop="16dp"
                        android:layout_alignLeft="@id/tabs"/>

    <!-- In editing mode, the toolbar shrinks by changing to
         dynamically constructed LayoutParams. -->
    <ImageView android:id="@+id/url_bar_entry"
               android:layout_width="match_parent"
               android:layout_height="match_parent"
               android:layout_toRightOf="@id/tabs"
               android:layout_toLeftOf="@+id/menu_items"
               android:layout_marginLeft="-18dp"
               android:layout_marginTop="8dp"
               android:layout_marginBottom="8dp"
               android:duplicateParentState="true"
               android:clickable="false"
               android:focusable="false"
               android:background="@drawable/url_bar_entry"/>

    <org.mozilla.gecko.toolbar.ForwardButton style="@style/UrlBar.ImageButton.Forward"
                                             android:id="@+id/forward"
                                             android:layout_toRightOf="@+id/tabs"/>

    <org.mozilla.gecko.toolbar.BackButton android:id="@+id/back"
                                          style="@style/UrlBar.ImageButton"
                                          android:layout_width="50dip"
                                          android:layout_height="50dip"
                                          android:layout_toRightOf="@id/tabs"
                                          android:layout_marginLeft="-28dp"
                                          android:layout_centerVertical="true"
                                          android:padding="13dp"
                                          android:src="@drawable/ic_menu_back"
                                          android:contentDescription="@string/back"
                                          android:background="@drawable/url_bar_nav_button"/>

    <org.mozilla.gecko.toolbar.ToolbarEditLayout android:id="@+id/edit_layout"
                  style="@style/UrlBar.Button"
                  android:paddingLeft="12dp"
                  android:paddingRight="12dp"
                  android:visibility="gone"
                  android:orientation="horizontal"
                  android:layout_toRightOf="@id/back"
                  android:layout_toLeftOf="@id/menu_items"/>

    <org.mozilla.gecko.toolbar.ToolbarDisplayLayout android:id="@+id/display_layout"
                  style="@style/UrlBar.Button.Container"
                  android:layout_toRightOf="@id/back"
                  android:layout_toLeftOf="@id/menu_items"
                  android:paddingLeft="12dip"
                  android:paddingRight="8dip"/>

    <LinearLayout android:id="@id/menu_items"
                  android:layout_width="wrap_content"
                  android:layout_height="match_parent"
                  android:layout_marginLeft="3dp"
                  android:orientation="horizontal"
                  android:layout_toLeftOf="@id/menu"
                  android:layout_alignWithParentIfMissing="true"/>

    <org.mozilla.gecko.widget.ThemedImageButton android:id="@+id/menu"
                                                style="@style/UrlBar.ImageButton"
                                                android:layout_alignParentRight="true"
                                                android:contentDescription="@string/menu"
                                                android:background="@drawable/action_bar_button"
                                                android:visibility="gone"/>

    <org.mozilla.gecko.widget.ThemedImageView android:id="@+id/menu_icon"
                                              style="@style/UrlBar.ImageButton"
                                              android:layout_alignLeft="@id/menu"
                                              android:layout_alignRight="@id/menu"
                                              android:gravity="center_vertical"
                                              android:src="@drawable/menu_level"
                                              android:visibility="gone"/>

    <!-- We draw after the menu items so when they are hidden, the cancel button,
         which is thus drawn on top, may be pressed. -->
    <org.mozilla.gecko.widget.ThemedImageView
            android:id="@+id/edit_cancel"
            style="@style/UrlBar.ImageButton"
            android:layout_alignParentRight="true"
            android:src="@drawable/close_edit_mode_selector"
            android:background="@drawable/action_bar_button"
            android:paddingLeft="2dp"
            android:paddingRight="2dp"
            android:contentDescription="@string/edit_mode_cancel"
            android:visibility="gone"/>

</merge>
