<?xml version="1.0" encoding="utf-8" ?>
<searchresults total_results="1">
  <addon>
    <name>Install Tests</name>
    <type id='1'>Extension</type>
    <guid>addon1@tests.mozilla.org</guid>
    <version>1.0</version>
    <authors>
      <author>
        <name>Test Creator</name>
        <link>http://example.com/creator.html</link>
      </author>
    </authors>
    <status id='4'>Public</status>
    <summary>Test add-on</summary>
    <description>Test add-on</description>
    <compatible_applications>
      <application>
        <name>Firefox</name>
        <appID>{ec8030f7-c20a-464f-9b0e-13a3a9e97384}</appID>
        <min_version>0</min_version>
        <max_version>*</max_version>
      </application>
      <application>
        <name>SeaMonkey</name>
        <appID>{92650c4d-4b8e-4d2a-b7eb-24ecf4f6b63a}</appID>
        <min_version>0</min_version>
        <max_version>*</max_version>
      </application>
    </compatible_applications>
    <compatible_os>ALL</compatible_os>
    <install size="2">http://example.com/browser/toolkit/mozapps/extensions/test/browser/addons/browser_install1_2.xpi</install>
  </addon>
</searchresults>
