<?xml version="1.0" encoding="utf-8" ?>
<searchresults total_results="100">
  <addon>
    <name>Ludicrously Expensive Add-on</name>
    <type id='1'>Extension</type>
    <guid>addon5@tests.mozilla.org</guid>
    <version>1.0</version>
    <authors>
      <author>
        <name>Test Creator</name>
        <link>http://example.com/creator.html</link>
      </author>
    </authors>
    <status id='4'>Public</status>
    <summary>Test summary</summary>
    <description>Test description</description>
    <compatible_applications>
      <application>
        <name>Firefox</name>
        <appID>{ec8030f7-c20a-464f-9b0e-13a3a9e97384}</appID>
        <min_version>0</min_version>
        <max_version>*</max_version>
      </application>
      <application>
        <name>SeaMonkey</name>
        <appID>{92650c4d-4b8e-4d2a-b7eb-24ecf4f6b63a}</appID>
        <min_version>0</min_version>
        <max_version>*</max_version>
      </application>
    </compatible_applications>
    <all_compatible_os>
      <os>ALL</os>
    </all_compatible_os>
    <payment_data>
      <link>http://example.com/browser/toolkit/mozapps/extensions/test/browser/releaseNotes.xhtml?addon5</link>
      <amount amount="101">$101</amount>
    </payment_data>
  </addon>
  <addon>
    <name>Cheap Add-on</name>
    <type id='1'>Extension</type>
    <guid>addon2@tests.mozilla.org</guid>
    <version>1.0</version>
    <authors>
      <author>
        <name>Test Creator</name>
        <link>http://example.com/creator.html</link>
      </author>
    </authors>
    <status id='4'>Public</status>
    <summary>Test summary</summary>
    <description>Test description</description>
    <compatible_applications>
      <application>
        <name>Firefox</name>
        <appID>{ec8030f7-c20a-464f-9b0e-13a3a9e97384}</appID>
        <min_version>0</min_version>
        <max_version>*</max_version>
      </application>
      <application>
        <name>SeaMonkey</name>
        <appID>{92650c4d-4b8e-4d2a-b7eb-24ecf4f6b63a}</appID>
        <min_version>0</min_version>
        <max_version>*</max_version>
      </application>
    </compatible_applications>
    <all_compatible_os>
      <os>ALL</os>
    </all_compatible_os>
    <payment_data>
      <link>http://example.com/browser/toolkit/mozapps/extensions/test/browser/releaseNotes.xhtml?addon2</link>
      <amount amount="0.99">$0.99</amount>
    </payment_data>
  </addon>
  <addon>
    <name>Reasonable Add-on</name>
    <type id='1'>Extension</type>
    <guid>addon3@tests.mozilla.org</guid>
    <version>1.0</version>
    <authors>
      <author>
        <name>Test Creator</name>
        <link>http://example.com/creator.html</link>
      </author>
    </authors>
    <status id='4'>Public</status>
    <summary>Test summary</summary>
    <description>Test description</description>
    <compatible_applications>
      <application>
        <name>Firefox</name>
        <appID>{ec8030f7-c20a-464f-9b0e-13a3a9e97384}</appID>
        <min_version>0</min_version>
        <max_version>*</max_version>
      </application>
      <application>
        <name>SeaMonkey</name>
        <appID>{92650c4d-4b8e-4d2a-b7eb-24ecf4f6b63a}</appID>
        <min_version>0</min_version>
        <max_version>*</max_version>
      </application>
    </compatible_applications>
    <all_compatible_os>
      <os>ALL</os>
    </all_compatible_os>
    <payment_data>
      <link>http://example.com/browser/toolkit/mozapps/extensions/test/browser/releaseNotes.xhtml?addon3</link>
      <amount amount="1">$1</amount>
    </payment_data>
  </addon>
  <addon>
    <name>Free Add-on</name>
    <type id='1'>Extension</type>
    <guid>addon1@tests.mozilla.org</guid>
    <version>1.0</version>
    <authors>
      <author>
        <name>Test Creator</name>
        <link>http://example.com/creator.html</link>
      </author>
    </authors>
    <status id='4'>Public</status>
    <summary>Test summary</summary>
    <description>Test description</description>
    <compatible_applications>
      <application>
        <name>Firefox</name>
        <appID>{ec8030f7-c20a-464f-9b0e-13a3a9e97384}</appID>
        <min_version>0</min_version>
        <max_version>*</max_version>
      </application>
      <application>
        <name>SeaMonkey</name>
        <appID>{92650c4d-4b8e-4d2a-b7eb-24ecf4f6b63a}</appID>
        <min_version>0</min_version>
        <max_version>*</max_version>
      </application>
    </compatible_applications>
    <all_compatible_os>
      <os>ALL</os>
    </all_compatible_os>
    <install size="1">http://example.com/addon1.xpi</install>
  </addon>
  <addon>
    <name>More Expensive Add-on</name>
    <type id='1'>Extension</type>
    <guid>addon4@tests.mozilla.org</guid>
    <version>1.0</version>
    <authors>
      <author>
        <name>Test Creator</name>
        <link>http://example.com/creator.html</link>
      </author>
    </authors>
    <status id='4'>Public</status>
    <summary>Test summary</summary>
    <description>Test description</description>
    <compatible_applications>
      <application>
        <name>Firefox</name>
        <appID>{ec8030f7-c20a-464f-9b0e-13a3a9e97384}</appID>
        <min_version>0</min_version>
        <max_version>*</max_version>
      </application>
      <application>
        <name>SeaMonkey</name>
        <appID>{92650c4d-4b8e-4d2a-b7eb-24ecf4f6b63a}</appID>
        <min_version>0</min_version>
        <max_version>*</max_version>
      </application>
    </compatible_applications>
    <all_compatible_os>
      <os>ALL</os>
    </all_compatible_os>
    <payment_data>
      <link>http://example.com/browser/toolkit/mozapps/extensions/test/browser/releaseNotes.xhtml?addon4</link>
      <amount amount="1.01">$1.01</amount>
    </payment_data>
  </addon>
</searchresults>
