<?xml version="1.0" encoding="UTF-8"?>

<blocklist xmlns="http://www.mozilla.org/2006/addons-blocklist">
  <emItems>
    <emItem id="test_bug455906_4@tests.mozilla.org">
      <versionRange severity="-1"/>
    </emItem>
    <emItem id="test_bug455906_5@tests.mozilla.org">
      <versionRange severity="1"/>
    </emItem>
    <emItem id="test_bug455906_6@tests.mozilla.org">
      <versionRange severity="2"/>
    </emItem>
    <emItem id="dummy_bug455906_1@tests.mozilla.org"/>
  </emItems>
  <pluginItems>
    <pluginItem>
      <match name="name" exp="^test_bug455906_4$"/>
      <versionRange severity="0"/>
    </pluginItem>
    <pluginItem>
      <match name="name" exp="^test_bug455906_5$"/>
      <versionRange severity="1"/>
    </pluginItem>
    <pluginItem>
      <match name="name" exp="^test_bug455906_6$"/>
      <versionRange severity="2"/>
    </pluginItem>
  </pluginItems>
</blocklist>
