<?xml version="1.0" encoding="utf-8"?>
<feed xmlns="http://www.w3.org/2005/Atom">

  <title>Example Feed</title> 
  <link href="http://example.org/"/>
  <updated>2003-12-13T18:30:02Z</updated>

  <author> 
    <name>John Doe</name>
  </author> 
  <id>urn:uuid:60a76c80-d399-11d9-b93C-0003939e0af6</id>

  <entry>

    <title>Good item</title>
    <link href="http://example.org/first"/>
    <id>urn:uuid:1225c695-cfb8-4ebb-aaaa-80da344efa6a</id>
    <updated>2003-12-13T18:30:02Z</updated>

    <summary>Some text.</summary>
  </entry>

  <entry>

    <title>data: link</title>
    <link href="data:text/plain,Hi"/>
    <id>urn:uuid:1225c695-cfb8-4ebb-aaaa-80da344efa6b</id>
    <updated>2003-12-13T18:30:03Z</updated>

    <summary>Some text.</summary>
  </entry>
  
  <entry>

    <title>javascript: link</title>
    <link href="javascript:alert('Hi')"/>
    <id>urn:uuid:1225c695-cfb8-4ebb-aaaa-80da344efa6c</id>
    <updated>2003-12-13T18:30:04Z</updated>

    <summary>Some text.</summary>
  </entry>
  
  <entry>

    <title>file: link</title>
    <link href="file:///var/"/>
    <id>urn:uuid:1225c695-cfb8-4ebb-aaaa-80da344efa6d</id>
    <updated>2003-12-13T18:30:05Z</updated>

    <summary>Some text.</summary>
  </entry>

  <entry>

    <title>chrome: link</title>
    <link href="chrome://browser/content/browser.js"/>
    <id>urn:uuid:1225c695-cfb8-4ebb-aaaa-80da344efa6e</id>
    <updated>2003-12-13T18:30:06Z</updated>

    <summary>Some text.</summary>
  </entry>

</feed>
