<?xml version="1.0" encoding="utf-8"?>
<feed xmlns="http://www.w3.org/2005/Atom">

  <title>Example Feed</title>
  <link href="http://example.org/"/>
  <updated>2010-08-22T18:30:02Z</updated>

  <author>
    <name>John Doe</name>
  </author>
  <id>urn:uuid:e2df8375-99be-4848-b05e-b9d407555267</id>

  <entry>

    <title>Item</title>
    <link href="http://example.org/first"/>
    <id>urn:uuid:9e0f4bed-33d3-4a9d-97ab-ecaa31b3f14a</id>
    <updated>2010-08-22T18:30:02Z</updated>

    <summary>Some text.</summary>
  </entry>

</feed>
