<?xml version="1.0" encoding="utf-8"?>
<!-- This Source Code Form is subject to the terms of the Mozilla Public
   - License, v. 2.0. If a copy of the MPL was not distributed with this
   - file, You can obtain one at http://mozilla.org/MPL/2.0/. -->

<resources>
  <color name="background_light">#FFF5F5F5</color>

  <!-- If you update one, update the other. -->
  <color name="background_normal">#FFEBEBF0</color>
  <color name="background_normal_lwt">#DDEBEBF0</color>

  <color name="background_private">#FF292C29</color>
  <color name="background_tabs">#FF363B40</color>
  <color name="highlight">#33000000</color>
  <color name="highlight_focused">#1A000000</color>
  <color name="highlight_dark">#33FFFFFF</color>
  <color name="highlight_dark_focused">#1AFFFFFF</color>

  <!-- If you update one, update the other. -->
  <color name="new_tablet_highlight">#D7D7DC</color>
  <color name="new_tablet_highlight_lwt">#AAD7D7DC</color>

  <!-- If you update one, update the other. -->
  <color name="new_tablet_highlight_dark">#45494E</color>
  <color name="new_tablet_highlight_dark_lwt">#AA45494E</color>

  <!-- (bug 1077195) Focused state values are temporary. -->
  <color name="new_tablet_highlight_focused">#C0C9D0</color>
  <color name="new_tablet_highlight_pb">#222222</color>
  <color name="new_tablet_highlight_focused_pb">#363B40</color>

  <!-- highlight on shaped button: 20% white over background_tabs -->
  <color name="highlight_shaped">#FF696D71</color>

  <!-- highlight-focused on shaped button: 10% white over background_tabs -->
  <color name="highlight_shaped_focused">#FF565B60</color>

  <!-- highlight on nav button: 20% black over background_normal -->
  <color name="highlight_nav">#FFA5ACB2</color>

  <!-- highlight-focused on nav button: 10% black over background_normal -->
  <color name="highlight_nav_focused">#FFB9C1C7</color>

  <!-- highlight on private nav button: 20% white over background_private -->
  <color name="highlight_nav_pb">#FF545654</color>

  <!-- highlight-focused on private nav button: 10% white over background_private -->
  <color name="highlight_nav_focused_pb">#FF3F423F</color>

  <!-- Onboarding start pane -->
  <color name="onboard_start">#EAEAEA</color>
  <color name="onboard_start_highlight">#D8D8D8</color>

  <!--
      Application theme colors
  -->
  <!-- Default colors -->
  <color name="text_color_primary">#222222</color>
  <color name="text_color_secondary">#777777</color>
  <color name="text_color_tertiary">#9198A1</color>

  <!-- Default inverse colors -->
  <color name="text_color_primary_inverse">#F5F5F5</color>
  <color name="text_color_secondary_inverse">#DDDDDD</color>
  <color name="text_color_tertiary_inverse">#A4A7A9</color>

  <!-- Colour used for share overlay button labels -->
  <color name="text_color_overlaybtn">#666666</color>
  <color name="text_color_overlaybtn_disabled">#AFB1B3</color>

  <color name="overlay_share_header_background">#FFFFFFFF</color>

  <!-- Colours used for share overlay button background -->
  <color name="overlay_share_background">#FFEBEBF0</color>
  <color name="overlay_share_selected">#FFF5F5F5</color>

  <!-- Disabled colors -->
  <color name="text_color_primary_disable_only">#999999</color>

  <!-- Hint colors -->
  <color name="text_color_hint">#666666</color>
  <color name="text_color_hint_inverse">#7F828A</color>
  <color name="text_color_hint_floating_focused">#33b5e5</color>

  <!-- Highlight colors -->
  <color name="text_color_highlight">#FF9500</color>
  <color name="text_color_highlight_inverse">#D06BFF</color>

  <!-- Link colors -->
  <color name="text_color_link">#22629E</color>

  <!-- Divider colors -->
  <color name="divider_light">#FFD7D9DB</color>
  <color name="divider_dark">#FFB3C2CE</color>

  <color name="splash_background">#000000</color>
  <color name="splash_msgfont">#ffffff</color>
  <color name="splash_urlfont">#000000</color>
  <color name="splash_content">#ffffff</color>

  <color name="doorhanger_text">#FF222222</color>
  <color name="doorhanger_link">#FF2AA1FE</color>
  <color name="doorhanger_background_dark">#FFDDE4EA</color>

  <color name="validation_message_text">#ffffff</color>
  <color name="url_bar_text_highlight">#FFFF9500</color>
  <color name="url_bar_text_highlight_pb">#FFD06BFF</color>
  <color name="suggestion_primary">#dddddd</color>
  <color name="suggestion_pressed">#bbbbbb</color>
  <color name="tab_row_pressed">#4D000000</color>

  <color name="textbox_background">#FFF</color>
  <color name="textbox_background_disabled">#DDD</color>
  <color name="textbox_stroke">#000</color>
  <color name="textbox_stroke_disabled">#666</color>

  <color name="url_bar_urltext">#A6A6A6</color>
  <color name="url_bar_domaintext">#000</color>
  <color name="url_bar_domaintext_private">#FFF</color>
  <color name="url_bar_blockedtext">#b14646</color>
  <color name="url_bar_shadow">#12000000</color>

  <color name="nav_button_border_color">#BFBFBF</color>
  <color name="nav_button_border_color_private">#5F6368</color>

  <color name="home_button_bar_bg">#FFF5F7F9</color>

  <!-- Colour used for share overlay button labels -->
  <color name="home_text_color">@color/text_color_primary</color>
  <color name="home_text_color_disabled">#AFB1B3</color>

  <color name="panel_image_item_background">#D1D9E1</color>

  <!-- Swipe to refresh colors for dynamic panel -->
  <color name="swipe_refresh_orange">#FFFFC26C</color>
  <color name="swipe_refresh_white">#FFFFFFFF</color>

  <!-- Swipe to refresh colors for remote tabs -->
  <color name="swipe_refresh_orange1">#EE6700</color>
  <color name="swipe_refresh_orange2">#FF9400</color>
  <color name="swipe_refresh_orange3">#F57900</color>
  <color name="swipe_refresh_orange4">#FFB44C</color>

  <!-- Remote tabs setup -->
  <color name="remote_tabs_setup_button_background">#E66000</color>
  <color name="remote_tabs_setup_button_background_hit">#D95300</color>

  <!-- Button toast colors. -->
  <color name="toast_background">#DD363B40</color>
  <color name="toast_button_background">#00000000</color>
  <color name="toast_button_pressed">#DD2C3136</color>
  <color name="toast_button_text">#FFFFFFFF</color>

  <!-- Tab History colors. -->
  <color name="tab_history_background">#EBEBF0</color>
  <color name="tab_history_timeline_separator">#D7D9DB</color>
  <color name="tab_history_favicon_border">#D7D9DB</color>
  <color name="tab_history_favicon_background">#FFFFFF</color>
  <color name="tab_history_title_color">#363B40</color>
  <color name="tab_history_border_color">#DADADF</color>

  <!-- Colour used for Find-In-Page dialog -->
  <color name="find_status_default">#AFB1B3</color>
  <color name="find_matchcase_on">#AFB1B3</color>
  <color name="find_matchcase_off">#D02626</color>

  <!-- Canvas delegate paint color -->
  <color name="canvas_delegate_paint">#FFFF0000</color>

  <!-- Top sites thumbnail colors -->
  <color name="top_site_default">#FFECF0F3</color>
  <color name="top_site_border">#FFCFD9E1</color>

  <!-- Tab grid text highlight colour -->
  <color name="new_tablet_tab_grid_text_unselected">#FFAFB1B3</color>


</resources>
