<?xml version="1.0" encoding="UTF-8" ?>
<!--
 Copyright (c) 2012 International Business Machines Corporation and others. All rights reserved.
-->
<!DOCTYPE ldml SYSTEM "http://www.unicode.org/repos/cldr/trunk/common/dtd/ldml.dtd"
[
   <!ENTITY % icu SYSTEM "http://www.unicode.org/repos/cldr/trunk/common/dtd/ldmlICU.dtd">
   %icu;
]
>
<ldml>
	<identity>
		<version number="$Revision: 32275 $"/>
		<generation date="$Date: 2012-08-28 14:56:06 -0700 (Tue, 28 Aug 2012) $"/>
		<language type="dz"/> 
	</identity>
	<characters>
		<special xmlns:icu="http://www.icu-project.org/">
			<icu:scripts>
				<icu:script type="1">Tibt</icu:script>
			</icu:scripts>
		</special>
	</characters>
</ldml>

