<?xml version="1.0" encoding="UTF-8" ?>
<!--
 Copyright (c) 2013 International Business Machines Corporation and others. All rights reserved.
-->
<!DOCTYPE ldml SYSTEM "http://www.unicode.org/repos/cldr/trunk/common/dtd/ldml.dtd">
<ldml>
	<identity>

		<version number="$Revision: 1.4 $"/>
		<generation date="$Date: 2008/12/08 18:18:44 $"/>
		<language type="en"/>
	</identity>
    <rbnf>
        <rulesetGrouping type="DurationRules">
            <ruleset type="with-words">
                <rbnfrule value="0">0 seconds; 1 second; =0= seconds;</rbnfrule>
                <rbnfrule value="60" radix="60">←%%min←[, →→];</rbnfrule>
                <rbnfrule value="3600" radix="60">←%%hr←[, →→→];</rbnfrule>
            </ruleset>
            <ruleset type="min" access="private">
                <rbnfrule value="0">0 minutes; 1 minute; =0= minutes;</rbnfrule>
            </ruleset>
            <ruleset type="hr" access="private">
                <rbnfrule value="0">0 hours; 1 hour; =0= hours;</rbnfrule>
            </ruleset>
            <ruleset type="in-numerals">
                <rbnfrule value="0">=0= sec.;</rbnfrule>
                <rbnfrule value="60">=%%min-sec=;</rbnfrule>
                <rbnfrule value="3600">=%%hr-min-sec=;</rbnfrule>
            </ruleset>
            <ruleset type="min-sec" access="private">
                <rbnfrule value="0">:=00=;</rbnfrule>
                <rbnfrule value="60" radix="60">←0←→→;</rbnfrule>
            </ruleset>
            <ruleset type="hr-min-sec" access="private">
                <rbnfrule value="0">:=00=;</rbnfrule>
                <rbnfrule value="60" radix="60">←00←→→;</rbnfrule>
                <rbnfrule value="3600" radix="60">←#,##0←:→→→;</rbnfrule>
            </ruleset>
            <ruleset type="duration">
                <rbnfrule value="0">=%in-numerals=;</rbnfrule>
            </ruleset>
            <ruleset type="lenient-parse" access="private">
                <rbnfrule value="0">&amp; ':' = '.' = ' ' = '-';</rbnfrule>
            </ruleset>
        </rulesetGrouping>
   </rbnf>
</ldml>
