<!-- This Source Code Form is subject to the terms of the Mozilla Public
   - License, v. 2.0. If a copy of the MPL was not distributed with this
   - file, You can obtain one at http://mozilla.org/MPL/2.0/. -->

<SearchPlugin xmlns="http://www.mozilla.org/2006/browser/search/">
    <ShortName>IconsTest</ShortName>
    <Description>IconsTest. Search by Test.</Description>
    <InputEncoding>UTF-8</InputEncoding>
    <Image width="16" height="16">data:image/x-icon;base64,ico16</Image>
    <Image width="32" height="32">data:image/x-icon;base64,ico32</Image>
    <Image width="74" height="74">data:image/png;base64,ico74</Image>
    <Url type="application/x-suggestions+json" template="http://api.bing.com/osjson.aspx">
        <Param name="query" value="{searchTerms}"/>
        <Param name="form" value="MOZW"/>
    </Url>
    <Url type="text/html" method="GET" template="http://www.bing.com/search">
        <Param name="q" value="{searchTerms}"/>
        <MozParam name="pc" condition="pref" pref="ms-pc"/>
        <Param name="form" value="MOZW"/>
    </Url>
    <SearchForm>http://www.bing.com/search</SearchForm>
</SearchPlugin>
