<?xml version="1.0" encoding="UTF-8"?>
<SearchPlugin xmlns="http://www.mozilla.org/2006/browser/search/">
<ShortName>Test search engine (fr)</ShortName>
<Description>A test search engine (based on Google search for a different locale)</Description>
<InputEncoding>ISO-8859-1</InputEncoding>
<Url type="text/html" method="GET" template="http://www.google.fr/search" resultdomain="google.fr">
  <Param name="q" value="{searchTerms}"/>
  <Param name="ie" value="iso-8859-1"/>
  <Param name="oe" value="iso-8859-1"/>
</Url>
<SearchForm>http://www.google.fr/</SearchForm>
</SearchPlugin>
