<?xml version="1.0" encoding="iso-8859-1"?>
<!--

Description: atom entry content:encoded and xhtml works
Expect: var content = feed.items.queryElementAt(1, Components.interfaces.nsIFeedEntry).content.text; content == "<b>test</b> content";

-->
<feed xmlns="http://www.w3.org/2005/Atom"
      xmlns:foo="http://www.example.org"
      foo:quux="quuux"
      xmlns:content="http://purl.org/rss/1.0/modules/content/">

  <title>hmm</title>

  <author>
    <email>hmm@example.com</email>
    <name>foo</name>
  </author>
  <generator version="1.1" uri="http://example.org">Hmm</generator>
  <author>
    <email>bar@example.com</email>
    <name>foo</name>
  </author>
  <rights type="xhtml">
    <div xmlns="http://www.w3.org/1999/xhtml"><i>test</i> rights</div>
  </rights>
  

  <entry></entry>

  <entry foo:bar="baz">
    <title>test</title>
    <content type="xhtml">
      <div xmlns="http://www.w3.org/1999/xhtml">
	<b>test</b> content
      </div>
    </content>
    <content:encoded>
      shouldn't appear
    </content:encoded>
  </entry>

</feed>
