<?xml version="1.0" encoding="iso-8859-1"?>
<!--

Description: atom entry with random link relations
Expect: feed.items.queryElementAt(0, Components.interfaces.nsIFeedEntry).link.spec == "http://www.snellspace.com/public/linktests/alternate";

-->
<feed xmlns="http://www.w3.org/2005/Atom">
  <id>tag:snellspace.com,2006:/atom/conformance/linktest/</id>
  <title>Atom Link Tests</title>
  <updated>2005-01-18T15:10:00Z</updated>
  <author><name>James Snell</name></author>
  <link href="http://www.intertwingly.net/wiki/pie/LinkConformanceTests" />
  <link rel="self" href="http://www.snellspace.com/public/linktests.xml" />
  <entry>
    <id>tag:snellspace.com,2006:/atom/conformance/linktest/5</id>
    <title>Entry with a link relation registered by an extension</title>
    <updated>2005-01-18T15:00:05Z</updated>
    <summary>The aggregator should ignore the license link without throwing any errors.  The first link should be picked as the alternate.</summary>
    <link href="http://www.snellspace.com/public/linktests/alternate" />
    <link rel="payment" href="http://www.example.org/payment" />
  </entry>
  
  
</feed>
