<?xml version="1.0" encoding="utf-8"?>
<!--

Description: HTML title w/ CDATA
Expect: var title = feed.items.queryElementAt(0, Components.interfaces.nsIFeedEntry).title.plainText(); title == "<title>";

-->
<feed xmlns="http://www.w3.org/2005/Atom">
<id>http://atomtests.philringnalda.com/tests/item/title/html-cdata.atom</id>
<title>Atom item title html cdata</title>
<updated>2005-12-18T00:13:00Z</updated>
<author>
  <name>Phil Ringnalda</name>
  <uri>http://weblog.philringnalda.com/</uri>
</author>
<link rel="self" href="http://atomtests.philringnalda.com/tests/item/title/html-cdata.atom"/>
<entry>
  <id>http://atomtests.philringnalda.com/tests/item/title/html-cdata.atom/1</id>
  <title type="html"><![CDATA[&lt;title>]]></title>
  <updated>2005-12-18T00:13:00Z</updated>
  <summary>An item with a type="html" title consisting of a less-than 
character, the word 'title' and a greater-than character, where 
the character entity reference for the less-than is escaped by being
in a CDATA section.</summary>
  <link href="http://atomtests.philringnalda.com/alt/title-title.html"/>
  <category term="item title"/>
</entry>
</feed>
