<?xml version="1.0" encoding="iso-8859-1"?>
<!--

Description: atom entry content xhtml works with a base URI that contains an ampersand.
Base: http://www.travellerspoint.com/photo_gallery_feed.cfm?tags=Canada&onlyShowFeatured=true
Expect: var frag = null; var content = feed.items.queryElementAt(0, Components.interfaces.nsIFeedEntry).content; var parser = Components.classes["@mozilla.org/xmlextras/domparser;1"].createInstance(Components.interfaces.nsIDOMParser); var doc = parser.parseFromString("<div/>", "text/xml"); frag = content.createDocumentFragment(doc.documentElement); notEqual(frag, null, "frag is not null"); true;

-->
<feed xmlns="http://www.w3.org/2005/Atom"
      xmlns:foo="http://www.example.org"
      foo:quux="quuux">

  <title>hmm</title>

  <author>
    <email>hmm@example.com</email>
    <name>foo</name>
  </author>
  <generator version="1.1" uri="http://example.org">Hmm</generator>
  <author>
    <email>bar@example.com</email>
    <name>foo</name>
  </author>
  <rights type="xhtml">
    <div xmlns="http://www.w3.org/1999/xhtml"><i>test</i> rights</div>
  </rights>

  <entry foo:bar="baz">
    <title>test</title>
    <content type="xhtml">
      <div xmlns="http://www.w3.org/1999/xhtml">
	<b>test</b> content
      </div>
    </content>
  </entry>

</feed>
