<?xml version="1.0" encoding="iso-8859-1"?>
<!--

Description: atom entry title normalized
Expect: feed.items.queryElementAt(1, Components.interfaces.nsIFeedEntry).title.text == "test";

-->
<feed xmlns="http://www.w3.org/2005/Atom"
      xmlns:foo="http://www.example.org"
      foo:quux="quuux">

  <title>hmm</title>

  <author>
    <email>hmm@example.com</email>
    <name>foo</name>
  </author>
  <generator version="1.1" uri="http://example.org">Hmm</generator>
  <author>
    <email>bar@example.com</email>
    <name>foo</name>
  </author>
  <rights type="xhtml">
    <div xmlns="http://www.w3.org/1999/xhtml"><i>test</i> rights</div>
  </rights>
  

  <entry></entry>

  <entry foo:bar="baz">
    <title>test</title>
    
  </entry>

</feed>
