<?xml version="1.0" encoding="utf-8"?>
<!--

Description: RSS1 feed w/ bogus title element
Expect: feed.title.text == 'Correct Title'

-->
<rdf:RDF 
 xmlns:rdf="http://www.w3.org/1999/02/22-rdf-syntax-ns#"
 xmlns="http://purl.org/rss/1.0/"
 xmlns:dc='http://purl.org/dc/elements/1.1/'>



   <title>Bogus</title>



  <channel rdf:about="http://www.xml.com/xml/news.rss">
    <title>Correct Title</title>
    <link>http://xml.com/pub</link>
    <dc:description>another description</dc:description>  
  </channel>



   <title>Bogus</title>



  <item>
   <title>XML: A Disruptive Technology</title> 
    <link>http://c.moreover.com/click/here.pl?r123</link>
   <dc:description>
      XML is placing increasingly heavy loads on the existing technical infrastructure of the Internet.
    </dc:description>
  </item>
  <item>
 <dc:publisher>The O'Reilly Network</dc:publisher>
   <dc:description>
      XML is placing increasingly heavy loads on the existing technical infrastructure of the Internet 2.
    </dc:description>
    <title>XML: A Disruptive Technology</title> 
  </item>
</rdf:RDF>
