<?xml version="1.0" encoding="utf-8"?>
<!--

Description: RSS1 feed description works normalized
Expect: feed.subtitle.text == 'a description'

-->
<rdf:RDF 
  xmlns:rdf="http://www.w3.org/1999/02/22-rdf-syntax-ns#"
  xmlns="http://purl.org/rss/1.0/"
  xmlns:dc='http://purl.org/dc/elements/1.1/'
>
  <channel rdf:about="http://www.xml.com/xml/news.rss">
    <title>Test</title>
    <link>http://xml.com/pub</link>
  <dc:description>another description</dc:description>  
  <description>a description</description>
  </channel>
</rdf:RDF>
