<?xml version="1.0" encoding="iso-8859-1"?>
<!--

Description: atom feed and entry with random attributes works
Expect: feed.title.text == "hmm" && feed.items.length == 2

-->
<feed xmlns="http://www.w3.org/2005/Atom"
      xmlns:foo="http://www.example.org"
      foo:quux="quuux">

  <title>hmm</title>

  <author>
    <email>hmm@example.com</email>
    <name>foo</name>
  </author>
  <generator version="1.1" uri="http://example.org">Hmm</generator>
  <author>
    <email>bar@example.com</email>
    <name>foo</name>
  </author>
  <rights type="xhtml">
    <div xmlns="http://www.w3.org/1999/xhtml"><i>test</i> rights</div>
  </rights>
  
  <entry foo:bar="baz"></entry>
  <entry></entry>

</feed>
