<?xml version="1.0" encoding="utf-8"?>
<!--

Description: RSS1 feed updated
Expect:  feed.updated == 'Sat, 07 Sep 2002 00:00:01 GMT'

-->
<rdf:RDF 
 xmlns:rdf="http://www.w3.org/1999/02/22-rdf-syntax-ns#"
 xmlns="http://purl.org/rss/1.0/"
 xmlns:dc='http://purl.org/dc/elements/1.1/'
 xmlns:dcterms='http://purl.org/dc/terms/'>
  <channel rdf:about="http://www.xml.com/xml/news.rss">
    <title>Test</title>
    <link>http://xml.com/pub</link>
    <dc:description>another description</dc:description>  
    <dcterms:modified>Sat, 07 Sep 2002 00:00:01 GMT</dcterms:modified>
  </channel>
  <item rdf:about="http://example.com/hmm">
   <title>XML: A Disruptive Technology</title> 
   <link>http://c.moreover.com/click/here.pl?r123</link>
   <dc:description>
      XML is placing increasingly heavy loads on the existing technical
      infrastructure of the Internet.
    </dc:description>
  </item> 
</rdf:RDF>
